admin1	Ly Van An	123 Pham Van Dong - P5 - Q12 - TPHCM	0279678123	anly@mail.com
admin2	Nguyen Tuan An	32/12 Dien Bien Phu - P2 - Q8 - TPHCM	0234234423	ngtuanan@mail.com
AthisAthat	Nguyen Van A	280A An Duong Vuong - P5 - Q3 - TPHCM	0912382663	ngva231@mail.com
narotu	Uzumakatsuki	12W Leaf Town - Q Konichiohayo - Isekaiworld	0378328832	narotu7438@mail.com
narutobaco	Nguyen Vinh Na	123B Nam Ky Khoi Nghia - P9 - Q2 - TPHCM	0931233576	nanv@mail.com
sasuketamin	Nguyen Van Nam	65/23J Klasko - LA town	0712367845	sasuke@mail.com
ThanhNguyen	Nguyen Pham Phuong Thanh	421/33/2 Dien Bien Phu - P8 - Q12 - TPHCM	0803727321	thanhnpp@mail.com
ThaoDesign	Nguyen Huynh Thanh Thao	32 Bicasso - Q Naruto - USB	0193778324	thaodesignne@mail.com
uchihahaha	Phan Nguyen Uchi	231/123/2B Nam Ky Khoi Nghia - P3 - Q go vap - TPHCM	0812332459	uchipn@mail.com
viruto	uzumaki viruto	23 Leaf Town - Q ohayono - IsekaiWorld	0934343351	viruto@mail.com
